timestamp,model_name,model_path,backend,quant_method,weight_dtype,batch_size,prompt_id,input_tokens,max_new_tokens,generated_tokens,ttft_ms,total_latency_ms,decode_tokens_per_s,request_tokens_per_s,peak_gpu_mem_mb,status,error_msg
2026-04-01T14:12:24,qwen2.5-3b-instruct,/share/home/wangzixu/liudinghao/gushuo/proj/transfoemer-llm/model/Qwen2.5-3B-Instruct,transformers,fp16,fp16,1,kv_cache_short,49,64,64,34.122,1833.946,35.559,34.897,6009.121,ok,
2026-04-01T14:12:26,qwen2.5-3b-instruct,/share/home/wangzixu/liudinghao/gushuo/proj/transfoemer-llm/model/Qwen2.5-3B-Instruct,transformers,fp16,fp16,1,kv_cache_short,49,64,64,35.229,1835.399,35.552,34.870,6009.121,ok,
2026-04-01T14:12:28,qwen2.5-3b-instruct,/share/home/wangzixu/liudinghao/gushuo/proj/transfoemer-llm/model/Qwen2.5-3B-Instruct,transformers,fp16,fp16,1,kv_cache_short,49,64,64,35.171,1834.262,35.574,34.891,6009.121,ok,
2026-04-01T14:12:29,qwen2.5-3b-instruct,/share/home/wangzixu/liudinghao/gushuo/proj/transfoemer-llm/model/Qwen2.5-3B-Instruct,transformers,fp16,fp16,1,latency_medium,65,64,64,34.366,1830.768,35.627,34.958,6010.038,ok,
2026-04-01T14:12:31,qwen2.5-3b-instruct,/share/home/wangzixu/liudinghao/gushuo/proj/transfoemer-llm/model/Qwen2.5-3B-Instruct,transformers,fp16,fp16,1,latency_medium,65,64,64,35.498,1828.119,35.702,35.009,6010.038,ok,
2026-04-01T14:12:33,qwen2.5-3b-instruct,/share/home/wangzixu/liudinghao/gushuo/proj/transfoemer-llm/model/Qwen2.5-3B-Instruct,transformers,fp16,fp16,1,latency_medium,65,64,64,35.280,1835.889,35.544,34.860,6010.038,ok,
2026-04-01T14:12:35,qwen2.5-3b-instruct,/share/home/wangzixu/liudinghao/gushuo/proj/transfoemer-llm/model/Qwen2.5-3B-Instruct,transformers,fp16,fp16,1,structured_output,71,64,64,29.534,1932.833,33.626,33.112,6010.724,ok,
2026-04-01T14:12:37,qwen2.5-3b-instruct,/share/home/wangzixu/liudinghao/gushuo/proj/transfoemer-llm/model/Qwen2.5-3B-Instruct,transformers,fp16,fp16,1,structured_output,71,64,64,29.392,1818.256,35.777,35.199,6010.724,ok,
2026-04-01T14:12:39,qwen2.5-3b-instruct,/share/home/wangzixu/liudinghao/gushuo/proj/transfoemer-llm/model/Qwen2.5-3B-Instruct,transformers,fp16,fp16,1,structured_output,71,64,64,33.419,1826.462,35.694,35.040,6010.724,ok,
